,job_id,nb_tasks,task_execution_time,arriving_time,starting_time,finishing_time,dataset size,transfert time,nb replicas,optimal_replicas_number,nb_first_replicas_sended
0,1,14,1,10.453891263175398,11.099999999999977,79.89999999999974,1024,35.310344827586206,7,,
1,2,3,10,13.670131903925054,15.099999999999962,143.29999999999615,2048,2.809327846364883,3,,
2,0,18,1,10.200602872748009,13.499999999999968,168.4999999999947,20480,28.093278463648833,6,,
3,4,18,10,29.531920488707016,63.20000000000063,395.3000000000214,40960,56.186556927297666,1,,
4,3,17,80,16.195993760626187,17.099999999999973,917.40000000014,1024,1.4046639231824416,6,,
