,job_id,nb_tasks,task_execution_time,arriving_time,starting_time,finishing_time,dataset size,transfert time,nb replicas,optimal_replicas_number,nb_first_replicas_sended
0,1,14,1,10.453891263175398,11.099999999999977,68.70000000000037,1024,35.310344827586206,8,,
1,2,3,10,13.670131903925054,14.099999999999966,70.70000000000026,2048,2.809327846364883,3,,
2,0,18,1,10.200602872748009,11.099999999999977,179.89999999999407,20480,34.0765391014975,7,,
3,4,18,10,29.531920488707016,36.60000000000025,504.1000000000461,40960,68.153078202995,3,,
4,3,17,80,16.195993760626187,17.099999999999973,1462.999999999765,1024,1.3077905491698596,10,,
