bandwidth,computation_nodes,energy_consumption
15.0,1.7033694783036721,1.3788535969157676
29.0,1.2693810391838238,0.15002151044533388
126.0,8.706797949691644,0.6500586367382385
16.0,8.36197004979616,0.5464214762976455
729.0,1.2405017722839637,1.5729424283280249
783.0,1.6173695692324743,1.4533989748458227
656.0,8.179765922412866,1.884359135409691
601.0,7.112762832922651,0.2738776652588323
