,job_id,nb_tasks,task_execution_time,arriving_time,starting_time,finishing_time,dataset size,transfert time,nb replicas,optimal_replicas_number,nb_first_replicas_sended
0,1,14,1,104.53891263175399,105.0999999999983,119.59999999999748,1024,1.3077905491698596,2,,
1,2,3,10,136.70131903925054,137.0999999999965,165.1999999999949,2048,2.615581098339719,2,,
2,0,18,1,102.0060287274801,103.09999999999842,218.39999999999188,20480,28.093278463648833,9,,
3,4,18,10,295.3192048870702,296.09999999999883,699.1000000000904,40960,56.186556927297666,4,,
4,3,17,80,161.9599376062619,162.09999999999508,958.1000000001493,1024,1.3077905491698596,8,,
