,job_id,nb_tasks,task_execution_time,arriving_time,starting_time,finishing_time,dataset size,transfert time,nb replicas,optimal_replicas_number,nb_first_replicas_sended
0,1,14,1,104.53891263175399,105.0999999999983,126.59999999999708,1024,1.4046639231824416,1,,
1,2,3,10,136.70131903925054,137.0999999999965,165.1999999999949,2048,2.615581098339719,2,,
2,0,18,1,102.0060287274801,103.09999999999842,214.19999999999212,20480,31.21951219512195,11,,
3,4,18,10,295.3192048870702,296.09999999999883,1056.3000000001348,40960,56.186556927297666,3,,
4,3,17,80,161.9599376062619,162.09999999999508,1185.700000000017,1024,1.3077905491698596,7,,
