{
    "nb_nodes": 100,
    "nb_data": 1,
    "makespan": 221506,
    "data_sizes": [
        40960
    ],
    "works_durations": [
        10
    ],
    "bandwidths": [
        15,
        29,
        126,
        16,
        76,
        103,
        40,
        123,
        101,
        39,
        23,
        56,
        105,
        60,
        92,
        85,
        96,
        22,
        60,
        58,
        97,
        94,
        80,
        60,
        100,
        119,
        117,
        46,
        84,
        95,
        94,
        43,
        107,
        63,
        29,
        18,
        32,
        20,
        71,
        122,
        26,
        46,
        49,
        104,
        76,
        25,
        93,
        59,
        111,
        88,
        58,
        51,
        84,
        74,
        80,
        72,
        79,
        39,
        100,
        97,
        78,
        20,
        41,
        102,
        127,
        77,
        39,
        124,
        112,
        24,
        708,
        613,
        625,
        627,
        714,
        718,
        713,
        625,
        603,
        660,
        654,
        642,
        667,
        673,
        800,
        639,
        614,
        791,
        722,
        640,
        647,
        660,
        745,
        758,
        744,
        652,
        667,
        676,
        618,
        744
    ],
    "cpus": [
        1.7033694783036721,
        1.2693810391838238,
        1.7443694361652025,
        1.6495417636939438,
        1.2405017722839637,
        1.6173695692324743,
        1.5994356286635383,
        1.306009779053729,
        1.8864011770160887,
        1.3056584758388061,
        1.3702539996238894,
        1.3948773185330912,
        1.8878411006018183,
        1.1373087791385303,
        1.3224961095478023,
        1.947877590341855,
        1.076510663706115,
        1.3183267599623179,
        1.9531320334307967,
        1.6992528886908402,
        1.3907977702502736,
        2.0303200464837436,
        1.6984761170167664,
        1.1797427431381213,
        2.0179302975833395,
        1.7530756760888622,
        1.0615317423042123,
        1.3469983528649903,
        2.0044497366040996,
        1.3461456688783258,
        1.9731514692753729,
        1.2913681831478576,
        1.5928750186340195,
        1.9876051719627248,
        2.097058355788077,
        6.363637648695176,
        6.611365277393045,
        7.688639867198736,
        8.383553713444513,
        9.884313510454472,
        8.721133641026075,
        8.14788132163518,
        7.360701892124181,
        7.814894825316825,
        7.053556203004363,
        8.0307266984173,
        7.193779165794531,
        6.795644407058932,
        8.157516120478503,
        9.67397397758281,
        6.07790696954333,
        9.326662117444718,
        6.963486369788932,
        6.3426138082715156,
        9.911937974709337,
        6.513565857999051,
        6.66050783589651,
        7.692551760803548,
        9.021060786543222,
        7.24686516520358,
        7.752400335658017,
        6.991622454664032,
        8.353234873828933,
        6.028763355940374,
        6.915767135244618,
        7.321713956321995,
        8.675911113185123,
        8.893410263523883,
        7.890684105247177,
        7.628239845943746,
        1.4741563006470153,
        1.9502204232065636,
        2.082581732502563,
        1.801034947285301,
        1.2092297992848926,
        1.2018368393659566,
        2.015592159203614,
        1.9415635817152102,
        2.0992107152539994,
        2.0190036813089405,
        7.942564501802874,
        9.609771462042195,
        9.941235375118904,
        9.140517427176487,
        9.829270563438692,
        8.873633101185304,
        6.870803593656699,
        8.168780805497097,
        6.200569349055814,
        9.410879568193142,
        8.031313987973673,
        6.271843453503029,
        9.766384508916357,
        8.378076614133764,
        8.62949265789009,
        9.738825030945709,
        7.256735451182305,
        8.686760891839885,
        9.716073326822057,
        8.484637021972372
    ],
    "transfers_time": [
        2730.6666666666665,
        1412.4137931034484,
        325.07936507936506,
        2560.0,
        538.9473684210526,
        397.66990291262135,
        1024.0,
        333.0081300813008,
        405.54455445544556,
        1050.2564102564102,
        1780.8695652173913,
        731.4285714285714,
        390.0952380952381,
        682.6666666666666,
        445.2173913043478,
        481.88235294117646,
        426.6666666666667,
        1861.8181818181818,
        682.6666666666666,
        706.2068965517242,
        422.2680412371134,
        435.74468085106383,
        512.0,
        682.6666666666666,
        409.6,
        344.20168067226894,
        350.0854700854701,
        890.4347826086956,
        487.6190476190476,
        431.1578947368421,
        435.74468085106383,
        952.5581395348837,
        382.803738317757,
        650.1587301587301,
        1412.4137931034484,
        2275.5555555555557,
        1280.0,
        2048.0,
        576.9014084507043,
        335.73770491803276,
        1575.3846153846155,
        890.4347826086956,
        835.9183673469388,
        393.84615384615387,
        538.9473684210526,
        1638.4,
        440.4301075268817,
        694.2372881355932,
        369.009009009009,
        465.45454545454544,
        706.2068965517242,
        803.1372549019608,
        487.6190476190476,
        553.5135135135135,
        512.0,
        568.8888888888889,
        518.4810126582279,
        1050.2564102564102,
        409.6,
        422.2680412371134,
        525.1282051282051,
        2048.0,
        999.0243902439024,
        401.5686274509804,
        322.5196850393701,
        531.9480519480519,
        1050.2564102564102,
        330.3225806451613,
        365.7142857142857,
        1706.6666666666667,
        57.85310734463277,
        66.81892332789559,
        65.536,
        65.32695374800637,
        57.36694677871149,
        57.04735376044568,
        57.447405329593266,
        65.536,
        67.92703150912106,
        62.06060606060606,
        62.62996941896024,
        63.8006230529595,
        61.40929535232384,
        60.861812778603266,
        51.2,
        64.1001564945227,
        66.71009771986971,
        51.78255372945638,
        56.73130193905817,
        64.0,
        63.30757341576507,
        62.06060606060606,
        54.97986577181208,
        54.03693931398417,
        55.053763440860216,
        62.82208588957055,
        61.40929535232384,
        60.59171597633136,
        66.27831715210355,
        55.053763440860216
    ],
    "nb_works": [
        4
    ],
    "nodes_free_time": {
        "0": 0,
        "1": 0,
        "2": 0,
        "3": 0,
        "4": 0,
        "5": 0,
        "6": 0,
        "7": 0,
        "8": 0,
        "9": 0,
        "10": 0,
        "11": 0,
        "12": 0,
        "13": 0,
        "14": 0,
        "15": 0,
        "16": 0,
        "17": 0,
        "18": 0,
        "19": 0,
        "20": 0,
        "21": 0,
        "22": 0,
        "23": 0,
        "24": 0,
        "25": 0,
        "26": 0,
        "27": 0,
        "28": 0,
        "29": 0,
        "30": 0,
        "31": 0,
        "32": 0,
        "33": 0,
        "34": 0,
        "35": 0,
        "36": 0,
        "37": 0,
        "38": 0,
        "39": 0,
        "40": 0,
        "41": 0,
        "42": 0,
        "43": 0,
        "44": 0,
        "45": 0,
        "46": 0,
        "47": 0,
        "48": 0,
        "49": 0,
        "50": 0,
        "51": 0,
        "52": 0,
        "53": 0,
        "54": 0,
        "55": 0,
        "56": 0,
        "57": 0,
        "58": 0,
        "59": 0,
        "60": 0,
        "61": 0,
        "62": 0,
        "63": 0,
        "64": 0,
        "65": 0,
        "66": 0,
        "67": 0,
        "68": 0,