,job_id,nb_tasks,task_execution_time,arriving_time,starting_time,finishing_time,dataset size,transfert time,nb replicas,optimal_replicas_number,nb_first_replicas_sended
0,1,14,10,104.53891263175399,104.59999999999833,280.5999999999953,10240,14.046639231824416,6,,
1,2,3,50,136.70131903925054,151.89999999999566,356.2000000000125,20480,28.093278463648833,3,,
2,0,18,10,102.0060287274801,102.09999999999847,650.4000000000793,71680,98.32647462277092,5,,
3,4,18,50,295.3192048870702,433.50000000003007,1373.3999999998464,102400,140.46639231824417,2,,
4,3,17,100,161.9599376062619,161.99999999999508,1891.799999999375,10240,353.1034482758621,8,,
