,job_id,nb_tasks,task_execution_time,arriving_time,starting_time,finishing_time,dataset size,transfert time,nb replicas,optimal_replicas_number,nb_first_replicas_sended
0,0,18,1,102.0060287274801,103.09999999999842,151.39999999999569,20480,26.155810983397192,10,,
1,1,14,1,104.53891263175399,106.19999999999824,163.09999999999502,1024,1.3077905491698596,7,,
2,2,3,10,136.70131903925054,139.19999999999638,180.19999999999405,2048,2.809327846364883,3,,
3,4,18,10,295.3192048870702,296.09999999999883,569.600000000061,40960,52.311621966794384,4,,
4,3,17,80,161.9599376062619,162.09999999999508,912.900000000139,1024,1.3077905491698596,8,,
