bandwidth,computation_nodes,energy_consumption
15,1.7033694982528687,0.0
29,1.269381046295166,0.0
126,8.70679759979248,0.0
16,8.361969947814941,0.0
729,1.2405017614364624,0.0
783,1.617369532585144,0.0
656,8.179765701293945,0.0
601,7.112762928009033,0.0
